date,name,team,hr_score,model_prob,model_prob_raw,calibration_method,homered,hr_count
2025-09-08,Shohei Ohtani,LAD,54.4,0.544,,,0,0
2025-09-08,Eugenio Suárez,SEA,53.6,0.536,,,0,0
2025-09-08,Cal Raleigh,SEA,52.9,0.529,,,0,0
2025-09-08,Juan Soto,NYM,52.3,0.523,,,0,0
2025-09-08,Brian Navarreto,MIA,51.4,0.514,,,0,0
2025-09-08,Jo Adell,LAA,51.3,0.513,,,0,0
2025-09-08,Pete Alonso,NYM,49.3,0.493,,,0,0
2025-09-08,Julio Rodríguez,SEA,49.0,0.49,,,0,0
2025-09-08,Andy Pages,LAD,45.7,0.457,,,0,0
2025-09-08,Brandon Nimmo,NYM,45.3,0.453,,,0,0
2025-09-08,Dansby Swanson,CHC,45.0,0.45,,,0,0
2025-09-08,Jorge Polanco,SEA,44.6,0.446,,,0,0
2025-09-08,Ian Happ,CHC,44.3,0.443,,,0,0
2025-09-08,Michael Busch,CHC,44.1,0.441,,,0,0
2025-09-08,Freddie Freeman,LAD,43.8,0.438,,,0,0
2025-09-08,Francisco Lindor,NYM,43.8,0.438,,,0,0
2025-09-08,Salvador Perez,KC,43.4,0.434,,,0,0
2025-09-08,Byron Buxton,MIN,42.9,0.429,,,0,0
2025-09-08,Vinnie Pasquantino,KC,42.3,0.423,,,0,0
2025-09-08,Bobby Witt Jr.,KC,42.2,0.422,,,0,0
2025-09-08,Mark Vientos,NYM,42.2,0.422,,,0,0
2025-09-08,Zach Neto,LAA,42.1,0.421,,,0,0
2025-09-08,Carson Kelly,CHC,41.9,0.419,,,0,0
2025-09-08,Hunter Goodman,COL,41.9,0.419,,,0,0
2025-09-08,Brett Baty,NYM,41.7,0.417,,,0,0
2025-09-08,Ozzie Albies,ATL,41.6,0.416,,,0,0
2025-09-08,Taylor Ward,LAA,41.4,0.414,,,0,0
2025-09-08,Will Smith,LAD,41.4,0.414,,,0,0
2025-09-08,Randy Arozarena,SEA,41.2,0.412,,,0,0
2025-09-08,Pete Crow-Armstrong,CHC,41.2,0.412,,,0,0
2025-09-08,Seiya Suzuki,CHC,41.0,0.41,,,0,0
2025-09-08,Teoscar Hernández,LAD,40.9,0.409,,,0,0
2025-09-08,Kyle Schwarber,PHI,40.6,0.406,,,0,0
2025-09-08,Josh Naylor,SEA,40.2,0.402,,,0,0
2025-09-08,Mookie Betts,LAD,40.2,0.402,,,0,0
2025-09-08,Jared Young,NYM,39.7,0.397,,,0,0
2025-09-08,Matt Olson,ATL,39.6,0.396,,,0,0
2025-09-08,Austin Hays,CIN,39.4,0.394,,,0,0
2025-09-08,Luis Torrens,NYM,39.1,0.391,,,0,0
2025-09-08,Kyle Tucker,CHC,39.0,0.39,,,0,0
2025-09-08,Rafael Devers,SF,38.9,0.389,,,0,0
2025-09-08,Ramón Laureano,SD,38.9,0.389,,,0,0
2025-09-08,Mike Yastrzemski,KC,38.8,0.388,,,0,0
2025-09-08,Wyatt Langford,TEX,38.3,0.383,,,0,0
2025-09-08,Maikel Garcia,KC,38.3,0.383,,,0,0
2025-09-08,Enrique Hernández,LAD,38.1,0.381,,,0,0
2025-09-08,Francisco Alvarez,NYM,37.9,0.379,,,0,0
2025-09-08,Iván Herrera,STL,37.8,0.378,,,0,0
2025-09-08,Corbin Carroll,ARI,37.8,0.378,,,0,0
2025-09-08,Michael Conforto,LAD,37.6,0.376,,,0,0
2025-09-08,Cedric Mullins,NYM,37.6,0.376,,,0,0
2025-09-08,Reese McGuire,CHC,37.4,0.374,,,0,0
2025-09-08,Gavin Sheets,SD,37.2,0.372,,,0,0
2025-09-08,Drake Baldwin,ATL,37.1,0.371,,,0,0
2025-09-08,Dominic Canzone,SEA,37.0,0.37,,,0,0
2025-09-08,Jake Burger,TEX,36.7,0.367,,,0,0
2025-09-08,Matt Wallner,MIN,36.3,0.363,,,0,0
2025-09-08,Carlos Santana,CHC,36.3,0.363,,,0,0
2025-09-08,Manny Machado,SD,36.2,0.362,,,0,0
2025-09-08,James Wood,WSH,36.2,0.362,,,0,0
2025-09-08,Agustín Ramírez,MIA,36.1,0.361,,,0,0
2025-09-08,Ketel Marte,ARI,36.1,0.361,,,0,0
2025-09-08,Elly De La Cruz,CIN,36.1,0.361,,,0,0
2025-09-08,Jeff McNeil,NYM,36.0,0.36,,,0,0
2025-09-08,Mike Trout,LAA,35.8,0.358,,,0,0
2025-09-08,Kyle Manzardo,CLE,35.7,0.357,,,0,0
2025-09-08,Logan O'Hoppe,LAA,35.5,0.355,,,0,0
2025-09-08,Willy Adames,SF,35.4,0.354,,,0,0
2025-09-08,Jurickson Profar,ATL,35.3,0.353,,,0,0
2025-09-08,Jac Caglianone,KC,35.3,0.353,,,0,0
2025-09-08,Mickey Moniak,COL,35.2,0.352,,,0,0
2025-09-08,Fernando Tatis Jr.,SD,35.1,0.351,,,0,0
2025-09-08,Alex Call,LAD,35.0,0.35,,,0,0
2025-09-08,Michael Harris II,ATL,34.9,0.349,,,0,0
2025-09-08,Matt McLain,CIN,34.9,0.349,,,0,0
2025-09-08,Randal Grichuk,KC,34.9,0.349,,,0,0
2025-09-08,Sal Stewart,CIN,34.6,0.346,,,0,0
2025-09-08,Matthew Lugo,LAA,34.5,0.345,,,0,0
2025-09-08,Mitch Garver,SEA,34.5,0.345,,,0,0
2025-09-08,Josh Bell,WSH,34.3,0.343,,,0,0
2025-09-08,Nolan Gorman,STL,34.1,0.341,,,0,0
2025-09-08,Willi Castro,CHC,34.1,0.341,,,0,0
2025-09-08,Starling Marte,NYM,34.1,0.341,,,0,0
2025-09-08,Rowdy Tellez,TEX,34.0,0.34,,,0,0
2025-09-08,Sean Murphy,ATL,34.0,0.34,,,0,0
2025-09-08,Ronald Acuña Jr.,ATL,34.0,0.34,,,0,0
2025-09-08,Miguel Rojas,LAD,34.0,0.34,,,0,0
2025-09-08,Maximo Acosta,MIA,33.9,0.339,,,0,0
2025-09-08,Marcell Ozuna,ATL,33.8,0.338,,,0,0
2025-09-08,Jackson Merrill,SD,33.7,0.337,,,0,0
2025-09-08,Yoán Moncada,LAA,33.7,0.337,,,0,0
2025-09-08,Jackson Chourio,MIL,33.6,0.336,,,0,0
2025-09-08,Noelvi Marte,CIN,33.5,0.335,,,0,0
2025-09-08,Dylan Moore,TEX,33.4,0.334,,,0,0
2025-09-08,Eli White,ATL,33.4,0.334,,,0,0
2025-09-08,J.P. Crawford,SEA,33.3,0.333,,,0,0
2025-09-08,Joc Pederson,TEX,33.3,0.333,,,0,0
2025-09-08,Ronny Mauricio,NYM,33.3,0.333,,,0,0
2025-09-08,Matt Shaw,CHC,33.1,0.331,,,0,0
2025-09-08,Spencer Steer,CIN,33.0,0.33,,,0,0
2025-09-08,Adam Frazier,KC,33.0,0.33,,,0,0
2025-09-08,Otto Lopez,MIA,32.9,0.329,,,0,0
2025-09-08,Geraldo Perdomo,ARI,32.9,0.329,,,0,0
2025-09-08,Brenton Doyle,COL,32.9,0.329,,,0,0
2025-09-08,Josh Jung,TEX,32.7,0.327,,,0,0
2025-09-08,Nico Hoerner,CHC,32.7,0.327,,,0,0
2025-09-08,Nick Loftin,KC,32.7,0.327,,,0,0
2025-09-08,Kody Clemens,MIN,32.5,0.325,,,0,0
2025-09-08,José Ramírez,CLE,32.5,0.325,,,0,0
2025-09-08,Cole Young,SEA,32.4,0.324,,,0,0
2025-09-08,Travis d'Arnaud,LAA,32.4,0.324,,,0,0
2025-09-08,Bryce Harper,PHI,32.3,0.323,,,0,0
2025-09-08,Will Benson,CIN,32.3,0.323,,,0,0
2025-09-08,Christian Yelich,MIL,32.2,0.322,,,0,0
2025-09-08,Luke Raley,SEA,32.2,0.322,,,0,0
2025-09-08,Kyle Higashioka,TEX,32.2,0.322,,,0,0
2025-09-08,Jordan Beck,COL,32.2,0.322,,,0,0
2025-09-08,William Contreras,MIL,32.0,0.32,,,0,0
2025-09-08,Leo Rivas,SEA,32.0,0.32,,,0,0
2025-09-08,Lars Nootbaar,STL,32.0,0.32,,,0,0
2025-09-08,Justin Turner,CHC,32.0,0.32,,,0,0
2025-09-08,Royce Lewis,MIN,31.9,0.319,,,0,0
2025-09-08,Pedro Pagés,STL,31.8,0.318,,,0,0
2025-09-08,Brooks Lee,MIN,31.7,0.317,,,0,0
2025-09-08,Luis Rengifo,LAA,31.7,0.317,,,0,0
2025-09-08,Ben Rortvedt,LAD,31.6,0.316,,,0,0
2025-09-08,Hyeseong Kim,LAD,31.6,0.316,,,0,0
2025-09-08,Oswald Peraza,LAA,31.5,0.315,,,0,0
2025-09-08,Andrés Chaparro,WSH,31.5,0.315,,,0,0
2025-09-08,Jordan Walker,STL,31.4,0.314,,,0,0
2025-09-08,Tyler Stephenson,CIN,31.4,0.314,,,0,0
2025-09-08,Jake Cronenworth,SD,31.3,0.313,,,0,0
2025-09-08,Brice Turang,MIL,31.3,0.313,,,0,0
2025-09-08,Trevor Larnach,MIN,31.1,0.311,,,0,0
2025-09-08,Ezequiel Tovar,COL,31.1,0.311,,,0,0
2025-09-08,Michael Helman,TEX,31.0,0.31,,,0,0
2025-09-08,CJ Abrams,WSH,31.0,0.31,,,0,0
2025-09-08,Miguel Andujar,CIN,30.6,0.306,,,0,0
2025-09-08,Luke Maile,KC,30.6,0.306,,,0,0
2025-09-08,Ryan O'Hearn,SD,30.5,0.305,,,0,0
2025-09-08,Blaze Alexander,ARI,30.2,0.302,,,0,0
2025-09-08,TJ Friedl,CIN,30.2,0.302,,,0,0
2025-09-08,Kyle Isbel,KC,30.1,0.301,,,0,0
2025-09-08,Jonah Heim,TEX,30.0,0.3,,,0,0
2025-09-08,Carter Jensen,KC,30.0,0.3,,,0,0
2025-09-08,Tyler Tolbert,KC,30.0,0.3,,,0,0
2025-09-08,Eric Wagaman,MIA,29.9,0.299,,,0,0
2025-09-08,Elias Díaz,SD,29.9,0.299,,,0,0
2025-09-08,Andrew Vaughn,MIL,29.9,0.299,,,0,0
2025-09-08,Ke'Bryan Hayes,CIN,29.9,0.299,,,0,0
2025-09-08,Chuckie Robinson,LAD,29.8,0.298,,,0,0
2025-09-08,Matt Chapman,SF,29.7,0.297,,,0,0
2025-09-08,Victor Robles,SEA,29.7,0.297,,,0,0
2025-09-08,Cody Freeman,TEX,29.6,0.296,,,0,0
2025-09-08,Luis García Jr.,WSH,29.4,0.294,,,0,0
2025-09-08,Nasim Nuñez,WSH,29.2,0.292,,,0,0
2025-09-08,Gavin Lux,CIN,29.1,0.291,,,0,0
2025-09-08,Luisangel Acuña,NYM,29.1,0.291,,,0,0
2025-09-08,Joey Wiemer,MIA,29.0,0.29,,,0,0
2025-09-08,Michael Massey,KC,29.0,0.29,,,0,0
2025-09-08,Jake Bauers,MIL,28.9,0.289,,,0,0
2025-09-08,Jake Fraley,ATL,28.9,0.289,,,0,0
2025-09-08,Luis Arraez,SD,28.8,0.288,,,0,0
2025-09-08,Ha-Seong Kim,ATL,28.8,0.288,,,0,0
2025-09-08,Gabriel Moreno,ARI,28.8,0.288,,,0,0
2025-09-08,Danny Jansen,MIL,28.7,0.287,,,0,0
2025-09-08,Alejandro Osuna,TEX,28.6,0.286,,,0,0
2025-09-08,Dustin Harris,TEX,28.6,0.286,,,0,0
2025-09-08,Josh Smith,TEX,28.6,0.286,,,0,0
2025-09-08,Alek Thomas,ARI,28.4,0.284,,,0,0
2025-09-08,Masyn Winn,STL,28.4,0.284,,,0,0
2025-09-08,Harry Ford,SEA,28.3,0.283,,,0,0
2025-09-08,Luke Keaschall,MIN,28.3,0.283,,,0,0
2025-09-08,Heriberto Hernández,MIA,28.3,0.283,,,0,0
2025-09-08,Yanquiel Fernández,COL,28.3,0.283,,,0,0
2025-09-08,Riley Adams,WSH,28.3,0.283,,,0,0
2025-09-08,Scott Kingery,LAA,28.2,0.282,,,0,0
2025-09-08,Jakob Marsee,MIA,28.2,0.282,,,0,0
2025-09-08,Jose Trevino,CIN,28.2,0.282,,,0,0
2025-09-08,Kyle Farmer,COL,28.2,0.282,,,0,0
2025-09-08,James Outman,MIN,28.1,0.281,,,0,0
2025-09-08,José Fermín,STL,28.0,0.28,,,0,0
2025-09-08,Ryan Fitzgerald,MIN,27.9,0.279,,,0,0
2025-09-08,Troy Johnston,MIA,27.8,0.278,,,0,0
2025-09-08,Javier Sanoja,MIA,27.8,0.278,,,0,0
2025-09-08,Kevin Alcántara,CHC,27.7,0.277,,,0,0
2025-09-08,Yohel Pozo,STL,27.6,0.276,,,0,0
2025-09-08,Chris Taylor,LAA,27.6,0.276,,,0,0
2025-09-08,Bo Naylor,CLE,27.6,0.276,,,0,0
2025-09-08,Daniel Schneemann,CLE,27.6,0.276,,,0,0
2025-09-08,Gabriel Arias,CLE,27.6,0.276,,,0,0
2025-09-08,Edouard Julien,MIN,27.5,0.275,,,0,0
2025-09-08,Max Kepler,PHI,27.3,0.273,,,0,0
2025-09-08,Braxton Fulford,COL,27.2,0.272,,,0,0
2025-09-08,Dylan Crews,WSH,27.2,0.272,,,0,0
2025-09-08,Victor Scott II,STL,27.1,0.271,,,0,0
2025-09-08,Thomas Saggese,STL,27.1,0.271,,,0,0
2025-09-08,Ildemaro Vargas,ARI,27.1,0.271,,,0,0
2025-09-08,Ezequiel Duran,TEX,27.0,0.27,,,0,0
2025-09-08,Andruw Monasterio,MIL,27.0,0.27,,,0,0
2025-09-08,Sal Frelick,MIL,26.7,0.267,,,0,0
2025-09-08,Adrian Del Castillo,ARI,26.7,0.267,,,0,0
2025-09-08,Vidal Bruján,ATL,26.7,0.267,,,0,0
2025-09-08,Bryce Teodosio,LAA,26.6,0.266,,,0,0
2025-09-08,Angel Martínez,CLE,26.6,0.266,,,0,0
2025-09-08,Justin Dean,LAD,26.6,0.266,,,0,0
2025-09-08,Daylen Lile,WSH,26.5,0.265,,,0,0
2025-09-08,Harrison Bader,PHI,26.4,0.264,,,0,0
2025-09-08,Nathan Church,STL,26.4,0.264,,,0,0
2025-09-08,Nolan Jones,CLE,26.4,0.264,,,0,0
2025-09-08,Brady House,WSH,26.4,0.264,,,0,0
2025-09-08,Paul DeJong,WSH,26.4,0.264,,,0,0
2025-09-08,Jimmy Crooks,STL,26.3,0.263,,,0,0
2025-09-08,Warming Bernabel,COL,26.2,0.262,,,0,0
2025-09-08,Liam Hicks,MIA,26.1,0.261,,,0,0
2025-09-08,Robert Hassell III,WSH,26.1,0.261,,,0,0
2025-09-08,Caleb Durbin,MIL,25.9,0.259,,,0,0
2025-09-08,Freddy Fermin,SD,25.8,0.258,,,0,0
2025-09-08,Jack Winkler,MIA,25.8,0.258,,,0,0
2025-09-08,Santiago Espinal,CIN,25.8,0.258,,,0,0
2025-09-08,Austin Hedges,CLE,25.7,0.257,,,0,0
2025-09-08,Jordan Lawlar,ARI,25.6,0.256,,,0,0
2025-09-08,Garrett Hampson,STL,25.5,0.255,,,0,0
2025-09-08,David Fry,CLE,25.5,0.255,,,0,0
2025-09-08,Orlando Arcia,COL,25.4,0.254,,,0,0
2025-09-08,Connor Kaiser,ARI,25.3,0.253,,,0,0
2025-09-08,Mason McCoy,SD,25.2,0.252,,,0,0
2025-09-08,Wilmer Flores,SF,25.2,0.252,,,0,0
2025-09-08,Isaac Collins,MIL,25.2,0.252,,,0,0
2025-09-08,Jorge Alfaro,WSH,25.2,0.252,,,0,0
2025-09-08,Heliot Ramos,SF,25.1,0.251,,,0,0
2025-09-08,Trea Turner,PHI,25.0,0.25,,,0,0
2025-09-08,Casey Schmitt,SF,24.9,0.249,,,0,0
2025-09-08,Mickey Gasper,MIN,24.9,0.249,,,0,0
2025-09-08,Jhonkensy Noel,CLE,24.9,0.249,,,0,0
2025-09-08,Tyler Freeman,COL,24.9,0.249,,,0,0
2025-09-08,Nick Allen,ATL,24.8,0.248,,,0,0
2025-09-08,Nacho Alvarez Jr.,ATL,24.8,0.248,,,0,0
2025-09-08,James McCann,ARI,24.8,0.248,,,0,0
2025-09-08,Will Wagner,SD,24.7,0.247,,,0,0
2025-09-08,Tyler Locklear,ARI,24.7,0.247,,,0,0
2025-09-08,Logan Davidson,LAA,24.6,0.246,,,0,0
2025-09-08,Jake McCarthy,ARI,24.6,0.246,,,0,0
2025-09-08,Jose Iglesias,SD,24.5,0.245,,,0,0
2025-09-08,Xavier Edwards,MIA,24.5,0.245,,,0,0
2025-09-08,Joey Ortiz,MIL,24.4,0.244,,,0,0
2025-09-08,Ryan Ritter,COL,24.4,0.244,,,0,0
2025-09-08,Kyle Karros,COL,24.3,0.243,,,0,0
2025-09-08,Bryce Johnson,SD,23.6,0.236,,,0,0
2025-09-08,Jhonny Pereda,MIN,23.6,0.236,,,0,0
2025-09-08,Brayan Rocchio,CLE,23.6,0.236,,,0,0
2025-09-08,C.J. Kayfus,CLE,23.5,0.235,,,0,0
2025-09-08,Victor Mesa Jr.,MIA,23.3,0.233,,,0,0
2025-09-08,J.T. Realmuto,PHI,23.3,0.233,,,0,0
2025-09-08,Luis Matos,SF,23.2,0.232,,,0,0
2025-09-08,Steven Kwan,CLE,23.1,0.231,,,0,0
2025-09-08,Jacob Young,WSH,23.1,0.231,,,0,0
2025-09-08,Nick Castellanos,PHI,23.0,0.23,,,0,0
2025-09-08,Drew Gilbert,SF,22.9,0.229,,,0,0
2025-09-08,Brandon Marsh,PHI,22.9,0.229,,,0,0
2025-09-08,Austin Martin,MIN,22.8,0.228,,,0,0
2025-09-08,Weston Wilson,PHI,22.8,0.228,,,0,0
2025-09-08,Blake Perkins,MIL,22.7,0.227,,,0,0
2025-09-08,Grant McCray,SF,22.6,0.226,,,0,0
2025-09-08,Bryson Stott,PHI,22.5,0.225,,,0,0
2025-09-08,Jorge Barrosa,ARI,22.4,0.224,,,0,0
2025-09-08,Carson McCusker,MIN,21.0,0.21,,,0,0
2025-09-08,Patrick Bailey,SF,20.9,0.209,,,0,0
2025-09-08,Dominic Smith,SF,20.8,0.208,,,0,0
2025-09-08,Anthony Seigler,MIL,20.6,0.206,,,0,0
2025-09-08,Jung Hoo Lee,SF,20.5,0.205,,,0,0
2025-09-08,Edmundo Sosa,PHI,20.3,0.203,,,0,0
2025-09-08,Christian Koss,SF,20.2,0.202,,,0,0
2025-09-08,Alec Bohm,PHI,20.1,0.201,,,0,0
2025-09-08,George Valera,CLE,19.4,0.194,,,0,0
2025-09-08,Andrew Knizner,SF,19.1,0.191,,,0,0
2025-09-08,Rafael Marchán,PHI,16.7,0.167,,,0,0
2025-09-08,Garrett Stubbs,PHI,15.4,0.154,,,0,0
2025-09-08,Drew Romo,COL,14.2,0.142,,,0,0
2025-09-09,Kyle Schwarber,PHI,63.1,0.631,,,0,0
2025-09-09,Shohei Ohtani,LAD,61.4,0.614,,,0,0
2025-09-09,Brian Navarreto,MIA,58.2,0.582,,,0,0
2025-09-09,Aaron Judge,NYY,57.7,0.577,,,0,0
2025-09-09,Jo Adell,LAA,53.6,0.536,,,0,0
2025-09-09,Byron Buxton,MIN,53.1,0.531,,,0,0
2025-09-09,Cal Raleigh,SEA,49.6,0.496,,,0,0
2025-09-09,Bryce Harper,PHI,48.4,0.484,,,0,0
2025-09-09,Giancarlo Stanton,NYY,47.8,0.478,,,0,0
2025-09-09,Max Muncy,LAD,47.7,0.477,,,0,0
2025-09-09,Andy Pages,LAD,47.4,0.474,,,0,0
2025-09-09,George Springer,TOR,46.7,0.467,,,0,0
2025-09-09,Manny Machado,SD,46.3,0.463,,,0,0
2025-09-09,Freddie Freeman,LAD,46.2,0.462,,,0,0
2025-09-09,Eugenio Suárez,SEA,46.0,0.46,,,0,0
2025-09-09,Ben Rice,NYY,45.7,0.457,,,0,0
2025-09-09,Zach Neto,LAA,45.6,0.456,,,0,0
2025-09-09,Trent Grisham,NYY,45.6,0.456,,,0,0
2025-09-09,Will Smith,LAD,45.3,0.453,,,0,0
2025-09-09,Ian Happ,CHC,44.7,0.447,,,0,0
2025-09-09,Junior Caminero,TB,44.0,0.44,,,0,0
2025-09-09,Jazz Chisholm Jr.,NYY,44.0,0.44,,,0,0
2025-09-09,Sebastián  Rivero,LAA,43.9,0.439,,,0,0
2025-09-09,Teoscar Hernández,LAD,43.8,0.438,,,0,0
2025-09-09,Rafael Devers,SF,43.5,0.435,,,0,0
2025-09-09,Ramón Laureano,SD,43.1,0.431,,,0,0
2025-09-09,Enrique Hernández,LAD,43.1,0.431,,,0,0
2025-09-09,Dansby Swanson,CHC,42.7,0.427,,,0,0
2025-09-09,Willy Adames,SF,42.6,0.426,,,0,0
2025-09-09,Corbin Carroll,ARI,42.5,0.425,,,0,0
2025-09-09,Maximo Acosta,MIA,42.4,0.424,,,0,0
2025-09-09,Taylor Ward,LAA,42.3,0.423,,,0,0
2025-09-09,Daulton Varsho,TOR,42.2,0.422,,,0,0
2025-09-09,Mookie Betts,LAD,42.2,0.422,,,0,0
2025-09-09,James Wood,WSH,42.2,0.422,,,0,0
2025-09-09,Michael Busch,CHC,41.6,0.416,,,0,0
2025-09-09,Juan Soto,NYM,41.6,0.416,,,0,0
2025-09-09,Austin Wells,NYY,41.5,0.415,,,0,0
2025-09-09,Julio Rodríguez,SEA,41.5,0.415,,,0,0
2025-09-09,Cody Bellinger,NYY,41.3,0.413,,,0,0
2025-09-09,Gavin Sheets,SD,40.9,0.409,,,0,0
2025-09-09,Carson Kelly,CHC,40.6,0.406,,,0,0
2025-09-09,Michael Conforto,LAD,40.5,0.405,,,0,0
2025-09-09,Riley Greene,DET,40.4,0.404,,,0,0
2025-09-09,Matt Wallner,MIN,40.3,0.403,,,0,0
2025-09-09,Agustín Ramírez,MIA,40.3,0.403,,,0,0
2025-09-09,Pete Crow-Armstrong,CHC,40.3,0.403,,,0,0
2025-09-09,Brandon Lowe,TB,40.2,0.402,,,0,0
2025-09-09,Seiya Suzuki,CHC,39.8,0.398,,,0,0
2025-09-09,Pete Alonso,NYM,39.7,0.397,,,0,0
2025-09-09,Max Kepler,PHI,39.4,0.394,,,0,0
2025-09-09,Colson Montgomery,CWS,39.4,0.394,,,0,0
2025-09-09,Hunter Goodman,COL,39.4,0.394,,,0,0
2025-09-09,Royce Lewis,MIN,39.0,0.39,,,0,0
2025-09-09,Josh Bell,WSH,38.8,0.388,,,0,0
2025-09-09,Fernando Tatis Jr.,SD,38.7,0.387,,,0,0
2025-09-09,Jorge Polanco,SEA,38.6,0.386,,,0,0
2025-09-09,Kody Clemens,MIN,38.6,0.386,,,0,0
2025-09-09,Joey Wiemer,MIA,38.4,0.384,,,0,0
2025-09-09,Otto Lopez,MIA,38.4,0.384,,,0,0
2025-09-09,Alex Call,LAD,38.4,0.384,,,0,0
2025-09-09,Elias Díaz,SD,38.3,0.383,,,0,0
2025-09-09,Randy Arozarena,SEA,38.3,0.383,,,0,0
2025-09-09,Kyle Tucker,CHC,38.2,0.382,,,0,0
2025-09-09,Matt Chapman,SF,38.1,0.381,,,0,0
2025-09-09,Jakob Marsee,MIA,38.0,0.38,,,0,0
2025-09-09,Harrison Bader,PHI,37.9,0.379,,,0,0
2025-09-09,Vladimir Guerrero Jr.,TOR,37.8,0.378,,,0,0
2025-09-09,Jackson Merrill,SD,37.7,0.377,,,0,0
2025-09-09,Kerry Carpenter,DET,37.7,0.377,,,0,0
2025-09-09,Christian Walker,HOU,37.6,0.376,,,0,0
2025-09-09,Brandon Marsh,PHI,37.4,0.374,,,0,0
2025-09-09,Trevor Larnach,MIN,37.4,0.374,,,0,0
2025-09-09,Spencer Torkelson,DET,37.4,0.374,,,0,0
2025-09-09,Nick Castellanos,PHI,37.3,0.373,,,0,0
2025-09-09,Bobby Witt Jr.,KC,37.3,0.373,,,0,0
2025-09-09,Willson Contreras,STL,37.0,0.37,,,0,0
2025-09-09,Wyatt Langford,TEX,37.0,0.37,,,0,0
2025-09-09,Ketel Marte,ARI,37.0,0.37,,,0,0
2025-09-09,Salvador Perez,KC,37.0,0.37,,,0,0
2025-09-09,CJ Abrams,WSH,37.0,0.37,,,0,0
2025-09-09,Davis Schneider,TOR,36.9,0.369,,,0,0
2025-09-09,Javier Sanoja,MIA,36.8,0.368,,,0,0
2025-09-09,Bryson Stott,PHI,36.8,0.368,,,0,0
2025-09-09,Ryan McMahon,NYY,36.8,0.368,,,0,0
2025-09-09,Yoán Moncada,LAA,36.7,0.367,,,0,0
2025-09-09,Jahmai Jones,DET,36.6,0.366,,,0,0
2025-09-09,Miguel Rojas,LAD,36.6,0.366,,,0,0
2025-09-09,Mike Trout,LAA,36.5,0.365,,,0,0
2025-09-09,Weston Wilson,PHI,36.4,0.364,,,0,0
2025-09-09,Anthony Volpe,NYY,36.2,0.362,,,0,0
2025-09-09,Nolan Gorman,STL,36.0,0.36,,,0,0
2025-09-09,Vinnie Pasquantino,KC,35.9,0.359,,,0,0
2025-09-09,Yandy Díaz,TB,35.8,0.358,,,0,0
2025-09-09,Matthew Lugo,LAA,35.8,0.358,,,0,0
2025-09-09,Matt Olson,ATL,35.7,0.357,,,0,0
2025-09-09,Eric Wagaman,MIA,35.7,0.357,,,0,0
2025-09-09,J.T. Realmuto,PHI,35.4,0.354,,,0,0
2025-09-09,Andrés Chaparro,WSH,35.4,0.354,,,0,0
2025-09-09,Iván Herrera,STL,35.2,0.352,,,0,0
2025-09-09,Jake Burger,TEX,35.1,0.351,,,0,0
2025-09-09,Brooks Lee,MIN,35.1,0.351,,,0,0
2025-09-09,Christian Yelich,MIL,35.1,0.351,,,0,0
2025-09-09,Michael Helman,TEX,34.9,0.349,,,0,0
2025-09-09,Andrew Vaughn,MIL,34.8,0.348,,,0,0
2025-09-09,Ryan O'Hearn,SD,34.8,0.348,,,0,0
2025-09-09,Reese McGuire,CHC,34.8,0.348,,,0,0
2025-09-09,Heriberto Hernández,MIA,34.7,0.347,,,0,0
2025-09-09,Kyle Manzardo,CLE,34.7,0.347,,,0,0
2025-09-09,Jackson Chourio,MIL,34.6,0.346,,,0,0
2025-09-09,Addison Barger,TOR,34.6,0.346,,,0,0
2025-09-09,Drew Gilbert,SF,34.5,0.345,,,0,0
2025-09-09,Colt Keith,DET,34.5,0.345,,,0,0
2025-09-09,Luis García Jr.,WSH,34.5,0.345,,,0,0
2025-09-09,Kyle Higashioka,TEX,34.4,0.344,,,0,0
2025-09-09,Austin Slater,NYY,34.4,0.344,,,0,0
2025-09-09,Andrew Benintendi,CWS,34.4,0.344,,,0,0
2025-09-09,Lenyn Sosa,CWS,34.4,0.344,,,0,0
2025-09-09,Rowdy Tellez,TEX,34.3,0.343,,,0,0
2025-09-09,Luke Keaschall,MIN,34.3,0.343,,,0,0
2025-09-09,Hyeseong Kim,LAD,34.3,0.343,,,0,0
2025-09-09,Dylan Crews,WSH,34.3,0.343,,,0,0
2025-09-09,William Contreras,MIL,34.2,0.342,,,0,0
2025-09-09,Joc Pederson,TEX,34.1,0.341,,,0,0
2025-09-09,Carlos Santana,CHC,34.0,0.34,,,0,0
2025-09-09,Gleyber Torres,DET,34.0,0.34,,,0,0
2025-09-09,Travis d'Arnaud,LAA,33.9,0.339,,,0,0
2025-09-09,James Outman,MIN,33.8,0.338,,,0,0
2025-09-09,Alec Burleson,STL,33.8,0.338,,,0,0
2025-09-09,Brice Turang,MIL,33.8,0.338,,,0,0
2025-09-09,Austin Hays,CIN,33.8,0.338,,,0,0
2025-09-09,Jake Cronenworth,SD,33.6,0.336,,,0,0
2025-09-09,Liam Hicks,MIA,33.4,0.334,,,0,0
2025-09-09,Victor Mesa Jr.,MIA,33.4,0.334,,,0,0
2025-09-09,Josh Jung,TEX,33.3,0.333,,,0,0
2025-09-09,Brenton Doyle,COL,33.3,0.333,,,0,0
2025-09-09,Jose Altuve,HOU,33.3,0.333,,,0,0
2025-09-09,Daylen Lile,WSH,33.3,0.333,,,0,0
2025-09-09,Brandon Nimmo,NYM,33.2,0.332,,,0,0
2025-09-09,Otto Kemp,PHI,33.1,0.331,,,0,0
2025-09-09,Tristan Gray,TB,33.1,0.331,,,0,0
2025-09-09,Wenceel Pérez,DET,33.1,0.331,,,0,0
2025-09-09,Wilmer Flores,SF,33.0,0.33,,,0,0
2025-09-09,Heliot Ramos,SF,33.0,0.33,,,0,0
2025-09-09,Alex Jackson,BAL,32.9,0.329,,,0,0
2025-09-09,Paul Goldschmidt,NYY,32.8,0.328,,,0,0
2025-09-09,Josh Naylor,SEA,32.8,0.328,,,0,0
2025-09-09,Geraldo Perdomo,ARI,32.8,0.328,,,0,0
2025-09-09,Dillon Dingler,DET,32.8,0.328,,,0,0
2025-09-09,José Ramírez,CLE,32.7,0.327,,,0,0
2025-09-09,Maikel Garcia,KC,32.7,0.327,,,0,0
2025-09-09,Ryan Fitzgerald,MIN,32.6,0.326,,,0,0
2025-09-09,Edmundo Sosa,PHI,32.6,0.326,,,0,0
2025-09-09,Mickey Moniak,COL,32.6,0.326,,,0,0
2025-09-09,Colton Cowser,BAL,32.5,0.325,,,0,0
2025-09-09,Matt Shaw,CHC,32.5,0.325,,,0,0
2025-09-09,Francisco Lindor,NYM,32.4,0.324,,,0,0
2025-09-09,Mark Vientos,NYM,32.3,0.323,,,0,0
2025-09-09,Pedro Pagés,STL,32.1,0.321,,,0,0
2025-09-09,Edouard Julien,MIN,32.1,0.321,,,0,0
2025-09-09,Yordan Alvarez,HOU,32.1,0.321,,,0,0
2025-09-09,Dominic Smith,SF,32.0,0.32,,,0,0
2025-09-09,Jack Winkler,MIA,32.0,0.32,,,0,0
2025-09-09,Luis Rengifo,LAA,32.0,0.32,,,0,0
2025-09-09,Ozzie Albies,ATL,31.9,0.319,,,0,0
2025-09-09,Jake Bauers,MIL,31.9,0.319,,,0,0
2025-09-09,Willi Castro,CHC,31.9,0.319,,,0,0
2025-09-09,Christopher Morel,TB,31.8,0.318,,,0,0
2025-09-09,Riley Adams,WSH,31.8,0.318,,,0,0
2025-09-09,Ben Rortvedt,LAD,31.7,0.317,,,0,0
2025-09-09,Troy Johnston,MIA,31.6,0.316,,,0,0
2025-09-09,Jesús Sánchez,HOU,31.6,0.316,,,0,0
2025-09-09,Brett Baty,NYM,31.5,0.315,,,0,0
2025-09-09,Jasson Domínguez,NYY,31.4,0.314,,,0,0
2025-09-09,Luis Matos,SF,31.2,0.312,,,0,0
2025-09-09,Jackson Holliday,BAL,31.2,0.312,,,0,0
2025-09-09,Justin Turner,CHC,31.2,0.312,,,0,0
2025-09-09,Carlos Correa,HOU,31.2,0.312,,,0,0
2025-09-09,Oneil Cruz,PIT,31.1,0.311,,,0,0
2025-09-09,Josh Lowe,TB,30.9,0.309,,,0,0
2025-09-09,Casey Schmitt,SF,30.9,0.309,,,0,0
2025-09-09,Paul DeJong,WSH,30.7,0.307,,,0,0
2025-09-09,Nico Hoerner,CHC,30.6,0.306,,,0,0
2025-09-09,Mike Yastrzemski,KC,30.6,0.306,,,0,0
2025-09-09,Oswald Peraza,LAA,30.5,0.305,,,0,0
2025-09-09,Mitch Garver,SEA,30.5,0.305,,,0,0
2025-09-09,Alejandro Kirk,TOR,30.4,0.304,,,0,0
2025-09-09,Mickey Gasper,MIN,30.4,0.304,,,0,0
2025-09-09,Jeremy Peña,HOU,30.4,0.304,,,0,0
2025-09-09,Austin Martin,MIN,30.3,0.303,,,0,0
2025-09-09,Lars Nootbaar,STL,30.2,0.302,,,0,0
2025-09-09,Luis Arraez,SD,30.2,0.302,,,0,0
2025-09-09,Jordan Beck,COL,30.2,0.302,,,0,0
2025-09-09,Nasim Nuñez,WSH,30.2,0.302,,,0,0
2025-09-09,Chris Taylor,LAA,30.0,0.3,,,0,0
2025-09-09,Bryan Reynolds,PIT,30.0,0.3,,,0,0
2025-09-09,Blaze Alexander,ARI,30.0,0.3,,,0,0
2025-09-09,Jeremiah Jackson,BAL,30.0,0.3,,,0,0
2025-09-09,Patrick Bailey,SF,29.9,0.299,,,0,0
2025-09-09,Gunnar Henderson,BAL,29.9,0.299,,,0,0
2025-09-09,Andy Ibáñez,DET,29.9,0.299,,,0,0
2025-09-09,Danny Jansen,MIL,29.7,0.297,,,0,0
2025-09-09,Dylan Moore,TEX,29.7,0.297,,,0,0
2025-09-09,Amed Rosario,NYY,29.7,0.297,,,0,0
2025-09-09,Ildemaro Vargas,ARI,29.7,0.297,,,0,0
2025-09-09,Zach McKinstry,DET,29.7,0.297,,,0,0
2025-09-09,Yainer Diaz,HOU,29.6,0.296,,,0,0
2025-09-09,Jung Hoo Lee,SF,29.5,0.295,,,0,0
2025-09-09,Xavier Edwards,MIA,29.5,0.295,,,0,0
2025-09-09,Gabriel Moreno,ARI,29.5,0.295,,,0,0
2025-09-09,Ronald Acuña Jr.,ATL,29.4,0.294,,,0,0
2025-09-09,Jurickson Profar,ATL,29.4,0.294,,,0,0
2025-09-09,Carson Williams,TB,29.3,0.293,,,0,0
2025-09-09,Javier Báez,DET,29.3,0.293,,,0,0
2025-09-09,Andrew McCutchen,PIT,29.2,0.292,,,0,0
2025-09-09,Jose Iglesias,SD,29.2,0.292,,,0,0
2025-09-09,Coby Mayo,BAL,29.2,0.292,,,0,0
2025-09-09,David Fry,CLE,29.2,0.292,,,0,0
2025-09-09,Brady House,WSH,29.2,0.292,,,0,0
2025-09-09,Christian Koss,SF,29.1,0.291,,,0,0
2025-09-09,Dominic Canzone,SEA,29.1,0.291,,,0,0
2025-09-09,Sal Frelick,MIL,29.0,0.29,,,0,0
2025-09-09,Freddy Fermin,SD,29.0,0.29,,,0,0
2025-09-09,Jake Rogers,DET,29.0,0.29,,,0,0
2025-09-09,Robert Hassell III,WSH,29.0,0.29,,,0,0
2025-09-09,Ty France,TOR,28.9,0.289,,,0,0
2025-09-09,Jonah Heim,TEX,28.9,0.289,,,0,0
2025-09-09,Elly De La Cruz,CIN,28.9,0.289,,,0,0
2025-09-09,Donovan Walton,PHI,28.8,0.288,,,0,0
2025-09-09,Jhonny Pereda,MIN,28.7,0.287,,,0,0
2025-09-09,Samuel Basallo,BAL,28.6,0.286,,,0,0
2025-09-09,Cedric Mullins,NYM,28.6,0.286,,,0,0
2025-09-09,Alek Thomas,ARI,28.5,0.285,,,0,0
2025-09-09,Jordan Walker,STL,28.3,0.283,,,0,0
2025-09-09,Randal Grichuk,KC,28.3,0.283,,,0,0
2025-09-09,Josh Smith,TEX,28.2,0.282,,,0,0
2025-09-09,Andruw Monasterio,MIL,28.2,0.282,,,0,0
2025-09-09,Daniel Johnson,BAL,28.1,0.281,,,0,0
2025-09-09,Ezequiel Tovar,COL,28.1,0.281,,,0,0
2025-09-09,Ramón Urías,HOU,28.1,0.281,,,0,0
2025-09-09,Michael Harris II,ATL,28.0,0.28,,,0,0
2025-09-09,Drake Baldwin,ATL,27.9,0.279,,,0,0
2025-09-09,Austin Hedges,CLE,27.9,0.279,,,0,0
2025-09-09,Parker Meadows,DET,27.9,0.279,,,0,0
2025-09-09,Cam Smith,HOU,27.9,0.279,,,0,0
2025-09-09,Nick Fortes,TB,27.7,0.277,,,0,0
2025-09-09,Jac Caglianone,KC,27.7,0.277,,,0,0
2025-09-09,Isaac Collins,MIL,27.6,0.276,,,0,0
2025-09-09,Luke Raley,SEA,27.6,0.276,,,0,0
2025-09-09,Cody Freeman,TEX,27.6,0.276,,,0,0
2025-09-09,Marcell Ozuna,ATL,27.6,0.276,,,0,0
2025-09-09,Brooks Baldwin,CWS,27.5,0.275,,,0,0
2025-09-09,Matt McLain,CIN,27.5,0.275,,,0,0
2025-09-09,Daniel Schneemann,CLE,27.5,0.275,,,0,0
2025-09-09,Trey Sweeney,DET,27.5,0.275,,,0,0
2025-09-09,Ryan Mountcastle,BAL,27.4,0.274,,,0,0
2025-09-09,Jacob Young,WSH,27.4,0.274,,,0,0
2025-09-09,Rafael Marchán,PHI,27.2,0.272,,,0,0
2025-09-09,Caleb Durbin,MIL,27.2,0.272,,,0,0
2025-09-09,Sal Stewart,CIN,27.2,0.272,,,0,0
2025-09-09,Ernie Clement,TOR,27.1,0.271,,,0,0
2025-09-09,Bryce Teodosio,LAA,27.1,0.271,,,0,0
2025-09-09,Francisco Alvarez,NYM,27.1,0.271,,,0,0
2025-09-09,Alexander Canario,PIT,27.0,0.27,,,0,0
2025-09-09,Tim Tawa,ARI,27.0,0.27,,,0,0
2025-09-09,Bo Naylor,CLE,27.0,0.27,,,0,0
2025-09-09,Victor Caratini,HOU,27.0,0.27,,,0,0
2025-09-09,Masyn Winn,STL,26.9,0.269,,,0,0
2025-09-09,Noelvi Marte,CIN,26.9,0.269,,,0,0
2025-09-09,J.P. Crawford,SEA,26.7,0.267,,,0,0
2025-09-09,Kyle Teel,CWS,26.7,0.267,,,0,0
2025-09-09,Everson Pereira,TB,26.7,0.267,,,0,0
2025-09-09,Gabriel Arias,CLE,26.7,0.267,,,0,0
2025-09-09,Nathan Church,STL,26.6,0.266,,,0,0
2025-09-09,Yohel Pozo,STL,26.6,0.266,,,0,0
2025-09-09,Bryce Johnson,SD,26.6,0.266,,,0,0
2025-09-09,Justin Dean,LAD,26.6,0.266,,,0,0
2025-09-09,Jorge Alfaro,WSH,26.6,0.266,,,0,0
2025-09-09,Alejandro Osuna,TEX,26.5,0.265,,,0,0
2025-09-09,Nathan Lukes,TOR,26.5,0.265,,,0,0
2025-09-09,Grant McCray,SF,26.5,0.265,,,0,0
2025-09-09,Mike Tauchman,CWS,26.4,0.264,,,0,0
2025-09-09,José Caballero,NYY,26.4,0.264,,,0,0
2025-09-09,Adrian Del Castillo,ARI,26.4,0.264,,,0,0
2025-09-09,Leo Rivas,SEA,26.3,0.263,,,0,0
2025-09-09,Will Wagner,SD,26.3,0.263,,,0,0
2025-09-09,Yanquiel Fernández,COL,26.3,0.263,,,0,0
2025-09-09,Michael A. Taylor,CWS,26.2,0.262,,,0,0
2025-09-09,Joey Ortiz,MIL,26.1,0.261,,,0,0
2025-09-09,Joey Loperfido,TOR,26.1,0.261,,,0,0
2025-09-09,Dylan Carlson,BAL,26.1,0.261,,,0,0
2025-09-09,Kevin Alcántara,CHC,26.1,0.261,,,0,0
2025-09-09,Ronny Mauricio,NYM,26.1,0.261,,,0,0
2025-09-09,Spencer Steer,CIN,26.0,0.26,,,0,0
2025-09-09,Andrew Knizner,SF,25.9,0.259,,,0,0
2025-09-09,Dustin Harris,TEX,25.9,0.259,,,0,0
2025-09-09,Myles Straw,TOR,25.7,0.257,,,0,0
2025-09-09,Victor Robles,SEA,25.7,0.257,,,0,0
2025-09-09,Andrés Giménez,TOR,25.7,0.257,,,0,0
2025-09-09,Scott Kingery,LAA,25.6,0.256,,,0,0
2025-09-09,Victor Scott II,STL,25.6,0.256,,,0,0
2025-09-09,José Fermín,STL,25.6,0.256,,,0,0
2025-09-09,Angel Martínez,CLE,25.6,0.256,,,0,0
2025-09-09,Kyle Farmer,COL,25.6,0.256,,,0,0
2025-09-09,Jeff McNeil,NYM,25.6,0.256,,,0,0
2025-09-09,Thomas Saggese,STL,25.5,0.255,,,0,0
2025-09-09,Henry Davis,PIT,25.5,0.255,,,0,0
2025-09-09,Mason McCoy,SD,25.5,0.255,,,0,0
2025-09-09,Adam Frazier,KC,25.5,0.255,,,0,0
2025-09-09,Richie Palacios,TB,25.4,0.254,,,0,0
2025-09-09,Cole Young,SEA,25.4,0.254,,,0,0
2025-09-09,Tommy Pham,PIT,25.3,0.253,,,0,0
2025-09-09,Will Benson,CIN,25.3,0.253,,,0,0
2025-09-09,Taylor Trammell,HOU,25.3,0.253,,,0,0
2025-09-09,Nick Loftin,KC,25.3,0.253,,,0,0
2025-09-09,Carson McCusker,MIN,25.2,0.252,,,0,0
2025-09-09,Dylan Beavers,BAL,25.2,0.252,,,0,0
2025-09-09,Tyler Heineman,TOR,25.0,0.25,,,0,0
2025-09-09,Nolan Jones,CLE,25.0,0.25,,,0,0
2025-09-09,Ezequiel Duran,TEX,24.9,0.249,,,0,0
2025-09-09,Garrett Stubbs,PHI,24.9,0.249,,,0,0
2025-09-09,C.J. Kayfus,CLE,24.9,0.249,,,0,0
2025-09-09,Jimmy Crooks,STL,24.8,0.248,,,0,0
2025-09-09,Starling Marte,NYM,24.8,0.248,,,0,0
2025-09-09,Warming Bernabel,COL,24.7,0.247,,,0,0
2025-09-09,Tyler Stephenson,CIN,24.6,0.246,,,0,0
2025-09-09,Eli White,ATL,24.5,0.245,,,0,0
2025-09-09,Jake McCarthy,ARI,24.5,0.245,,,0,0
2025-09-09,James McCann,ARI,24.5,0.245,,,0,0
2025-09-09,Bob Seymour,TB,24.4,0.244,,,0,0
2025-09-09,Blake Perkins,MIL,24.4,0.244,,,0,0
2025-09-09,Braxton Fulford,COL,24.4,0.244,,,0,0
2025-09-09,Edgar Quero,CWS,24.3,0.243,,,0,0
2025-09-09,Chase Meidroth,CWS,24.1,0.241,,,0,0
2025-09-09,Will Robertson,CWS,24.1,0.241,,,0,0
2025-09-09,Jake Meyers,HOU,24.1,0.241,,,0,0
2025-09-09,Joey Bart,PIT,24.0,0.24,,,0,0
2025-09-09,TJ Friedl,CIN,24.0,0.24,,,0,0
2025-09-09,Connor Kaiser,ARI,23.9,0.239,,,0,0
2025-09-09,Jake Mangum,TB,23.9,0.239,,,0,0
2025-09-09,Spencer Horwitz,PIT,23.9,0.239,,,0,0
2025-09-09,Luis Vázquez,BAL,23.9,0.239,,,0,0
2025-09-09,Chandler Simpson,TB,23.8,0.238,,,0,0
2025-09-09,Logan Davidson,LAA,23.8,0.238,,,0,0
2025-09-09,Bryan Ramos,CWS,23.7,0.237,,,0,0
2025-09-09,Jared Triolo,PIT,23.6,0.236,,,0,0
2025-09-09,Miguel Andujar,CIN,23.6,0.236,,,0,0
2025-09-09,Hunter Feduccia,TB,23.5,0.235,,,0,0
2025-09-09,Brayan Rocchio,CLE,23.3,0.233,,,0,0
2025-09-09,Jhonkensy Noel,CLE,22.9,0.229,,,0,0
2025-09-09,Kyle Isbel,KC,22.9,0.229,,,0,0
2025-09-09,Curtis Mead,CWS,22.8,0.228,,,0,0
2025-09-09,Steven Kwan,CLE,22.8,0.228,,,0,0
2025-09-09,Kyle Karros,COL,22.8,0.228,,,0,0
2025-09-09,Mauricio Dubón,HOU,22.7,0.227,,,0,0
2025-09-09,Tyler Tolbert,KC,22.7,0.227,,,0,0
2025-09-09,Liover Peguero,PIT,22.6,0.226,,,0,0
2025-09-09,Jorge Mateo,BAL,22.3,0.223,,,0,0
2025-09-09,Luke Maile,KC,22.2,0.222,,,0,0
2025-09-09,Dominic Fletcher,CWS,22.1,0.221,,,0,0
2025-09-09,Isiah Kiner-Falefa,TOR,22.0,0.22,,,0,0
2025-09-09,Ha-Seong Kim,ATL,22.0,0.22,,,0,0
2025-09-09,Korey Lee,CWS,21.9,0.219,,,0,0
2025-09-09,Nick Gonzales,PIT,21.9,0.219,,,0,0
2025-09-09,Gavin Lux,CIN,21.8,0.218,,,0,0
2025-09-09,Orlando Arcia,COL,21.7,0.217,,,0,0
2025-09-09,Ke'Bryan Hayes,CIN,21.6,0.216,,,0,0
2025-09-09,Jake Fraley,ATL,21.5,0.215,,,0,0
2025-09-09,Jordan Lawlar,ARI,21.5,0.215,,,0,0
2025-09-09,Jorge Barrosa,ARI,21.5,0.215,,,0,0
2025-09-09,Carter Jensen,KC,21.5,0.215,,,0,0
2025-09-09,Michael Massey,KC,21.5,0.215,,,0,0
2025-09-09,Emmanuel Rivera,BAL,21.4,0.214,,,0,0
2025-09-09,Tyler Freeman,COL,21.4,0.214,,,0,0
2025-09-09,Anthony Seigler,MIL,21.3,0.213,,,0,0
2025-09-09,Ryan Ritter,COL,21.1,0.211,,,0,0
2025-09-09,Jose Trevino,CIN,20.9,0.209,,,0,0
2025-09-09,Jose Siri,NYM,20.9,0.209,,,0,0
2025-09-09,Harry Ford,SEA,20.5,0.205,,,0,0
2025-09-09,Nick Yorke,PIT,20.2,0.202,,,0,0
2025-09-09,César Salazar,HOU,20.1,0.201,,,0,0
2025-09-09,Hayden Senger,NYM,20.0,0.2,,,0,0
2025-09-09,Vidal Bruján,ATL,19.7,0.197,,,0,0
2025-09-09,Cam Devanney,PIT,19.2,0.192,,,0,0
2025-09-09,George Valera,CLE,18.9,0.189,,,0,0
2025-09-09,Luisangel Acuña,NYM,18.2,0.182,,,0,0
2025-09-09,Ji Hwan Bae,PIT,18.1,0.181,,,0,0
2025-09-09,Santiago Espinal,CIN,18.0,0.18,,,0,0
2025-09-09,Nacho Alvarez Jr.,ATL,17.8,0.178,,,0,0
2025-09-09,Nick Allen,ATL,17.0,0.17,,,0,0
2025-09-09,Sandy León,ATL,16.5,0.165,,,0,0
2025-09-09,Drew Romo,COL,8.9,0.089,,,0,0
